word	usage
color	1318
love	1269
lipstick	1055
lips	629
colors	626
great	558
very	487
lipsticks	442
like	333
good	307
more	304
smooth	281
just	269
feel	262
creamy	252
beautiful	246
product	244
really	225
feels	216
nice	215
perfect	213
stays	212
long	210
lip	208
purchase	174
doesn	167
one	163
world	147
well	145
time	144
does	140
soft	140
pretty	134
again	134
wear	133
thank	133
shade	132
bleed	130
would	130
wonderful	128
look	128
definitely	125
what	122
other	121
out	120
happy	118
order	116
ordered	114
dry	111
lasting	108
texture	107
try	106
than	105
been	103
first	103
buy	99
looks	98
cause	98
red	97
smoothly	95
don	93
much	93
lasts	92
natural	92
bought	90
best	89
feather	88
makes	87
moisturizing	85
because	84
pink	83
lines	83
purchased	82
only	82
way	82
recommend	81
day	81
looking	80
skin	79
favorite	79
ordering	79
little	78
new	77
right	76
found	74
use	74
pleased	73
without	72
neutral	71
now	71
shades	71
put	71
light	70
another	70
packaging	70
causes	69
years	68
treatment	67
even	66
lovely	65
make	65
tube	64
feathering	63
stay	62
over	61
wearing	61
moist	61
every	60
any	60
company	59
used	58
some	58
around	58
products	58
different	58
many	58
get	57
everything	57
never	56
last	56
longer	55
amazing	55
tried	55
glad	54
better	54
ever	54
three	53
fact	51
received	51
bright	51
most	50
absolutely	49
going	49
buying	49
were	49
mint	49
after	49
loved	49
find	48
thanks	48
made	47
want	46
helps	46
brand	45
others	45
highly	45
bleeding	44
plus	44
feeling	44
bit	44
using	44
back	44
two	43
awesome	43
there	42
always	42
true	42
old	41
both	41
need	41
did	40
think	40
darker	39
give	39
bundle	39
quality	38
got	37
before	37
friends	37
such	37
drying	36
dark	36
work	36
price	36
especially	35
purchasing	35
fine	35
excellent	35
tone	35
keep	35
age	34
hours	34
still	34
women	34
taste	34
customer	34
finally	34
while	33
enough	33
help	33
subtle	33
advertised	33
actually	33
each	32
rich	31
power	31
vegan	31
fair	31
those	31
staying	31
rose	31
know	31
summer	30
second	30
older	30
didn	30
sure	30
night	30
far	30
moisture	29
soon	29
hair	29
complexion	29
off	29
something	29
tubes	29
wish	29
exactly	29
support	29
woman	29
empowered	28
apply	28
often	28
helping	28
works	28
gives	28
pack	28
see	27
keeps	27
could	27
its	27
warm	27
mouth	27
face	27
thought	27
makeup	26
year	26
easy	26
wanted	26
say	26
since	26
being	26
their	25
stick	25
worn	25
already	25
impressed	24
huntress	24
flawless	24
cute	24
greasy	23
same	23
looked	23
case	23
wait	23
glides	22
yet	22
our	22
lot	22
everyday	22
service	22
cool	22
trying	22
soothing	22
balm	22
stayed	21
worthy	21
making	21
ingredients	21
future	21
few	21
quite	21
smell	21
compliments	21
application	21
cashmere	21
southern	21
super	21
usually	21
who	21
daughter	20
fast	20
strong	20
silky	20
days	20
she	20
creaminess	20
cardboard	20
flattering	20
charity	20
run	20
chose	20
wears	20
next	19
friendly	19
hard	19
package	19
took	18
several	18
won	18
choice	18
however	18
fabulous	18
plan	18
amount	18
arrived	18
matte	18
isn	18
gloss	18
forever	17
coral	17
fantastic	17
sticky	17
non	17
disappointed	17
top	17
expected	17
formula	17
gold	16
moisturized	16
reviews	16
trio	16
flavor	16
gave	16
collection	16
portion	16
heavy	16
bed	16
plastic	16
mature	15
everyone	15
coverage	15
bonus	15
promised	15
consistency	15
supports	15
ctw	15
liked	15
seems	15
proceeds	15
line	15
moisturizer	15
lighter	15
win	15
gorgeous	15
wrong	15
add	15
shipping	15
getting	15
online	15
under	15
anything	15
part	15
felt	15
website	15
finding	15
continue	14
giving	14
charities	14
free	14
comfortable	14
big	14
smoothness	14
truly	14
independent	14
problem	14
cases	14
blue	14
glamberry	14
away	14
moisturizes	14
place	14
alone	14
pale	14
kind	13
nicely	13
environment	13
full	13
eyes	13
decided	13
live	13
where	13
worth	13
wore	13
almost	13
dreamer	13
gift	13
end	13
might	13
easily	13
dogs	13
deep	13
beautifully	13
once	13
change	12
life	12
delivery	12
must	12
anyone	12
brands	12
set	12
fun	12
purse	12
favorites	12
until	12
claims	12
surprised	12
chapped	12
applies	12
applying	12
wrinkles	12
her	12
purchases	12
appreciate	12
choose	12
minty	12
having	12
forward	12
myself	12
recommended	12
saw	12
gotten	12
softer	12
container	12
said	11
maybe	11
wildflower	11
expensive	11
fall	11
brighter	11
please	11
should	11
comes	11
believe	11
family	11
stuff	11
friend	11
thing	11
though	11
seem	11
recently	11
tell	11
chance	11
reapply	11
unique	11
sister	11
went	11
here	11
pop	11
extremely	11
selection	11
read	11
idea	11
difference	11
important	11
hint	11
blend	11
neutrals	11
shine	11
tones	11
shown	10
side	10
touch	10
luscious	10
putting	10
irresistible	10
wasn	10
although	10
expect	10
picture	10
vibrant	10
skeptical	10
nothing	10
shiny	10
person	10
couple	10
week	10
else	10
why	10
refreshing	10
couldn	10
haven	10
pick	10
normally	9
young	9
given	9
outside	9
carry	9
shimmer	9
enjoying	9
quickly	9
hope	9
let	9
clear	9
hot	9
awhile	9
trouble	9
may	9
enjoy	9
finish	9
within	9
paper	9
near	9
reasonable	9
fan	9
animal	9
applied	9
hydrating	9
knowing	9
ladies	8
home	8
someone	8
less	8
concerned	8
leaves	8
donation	8
kisses	8
chapstick	8
teeth	8
white	8
through	8
probably	8
brightens	8
aging	8
itself	8
brown	8
tint	8
own	8
colorful	8
adding	8
blonde	8
hesitant	8
third	8
base	8
gifts	8
together	8
money	8
description	8
provides	8
either	8
tend	8
job	8
certainly	8
slight	8
terrific	8
redhead	8
least	8
store	8
come	8
sheer	8
extra	8
people	8
thrilled	8
mission	7
choosing	7
priced	7
tickled	7
medium	7
satisfied	7
small	7
word	7
review	7
started	7
younger	7
chap	7
loves	7
completely	7
came	7
match	7
purple	7
eating	7
glide	7
helped	7
leave	7
quick	7
bold	7
name	7
additional	7
told	7
orange	7
benefits	7
senior	7
coming	7
times	7
supporting	7
turn	7
husband	7
write	7
high	7
deeper	7
lady	7
noticed	7
ago	7
liner	7
scent	7
excited	7
nude	7
real	7
kittens	7
colour	7
matter	7
ones	7
doing	7
accurate	7
overall	7
fade	7
throughout	7
hydrated	7
spot	7
rather	7
cannot	7
smear	7
pleasantly	7
adorable	7
left	7
healthy	7
foxy	7
cruelty	7
take	7
peach	6
adds	6
nor	6
above	6
delivered	6
fuller	6
glossy	6
tastes	6
conditioner	6
shared	6
mix	6
donate	6
surprise	6
intense	6
seen	6
donates	6
running	6
decide	6
mother	6
sharing	6
certain	6
problems	6
cosmetics	6
prefer	6
creases	6
simply	6
point	6
nourishing	6
thick	6
fresh	6
attention	6
pinks	6
during	6
heat	6
containers	6
special	6
mention	6
contributing	6
layer	6
described	6
thinking	6
etc	6
reason	6
experience	6
undertones	6
wouldn	6
except	6
appearance	6
surfberry	6
smells	6
mac	6
linda	6
eco	6
cake	6
evenly	6
along	6
difficult	6
needed	6
clean	6
helpful	6
choices	6
similar	6
daily	6
deal	6
environmentally	6
totally	6
entire	6
magnificent	6
wow	6
stand	6
lasted	6
africa	6
lives	6
cosmetic	5
step	5
picked	5
earth	5
daytime	5
approach	5
girl	5
social	5
sit	5
colored	5
photo	5
reorder	5
amazed	5
cream	5
searching	5
factor	5
creep	5
perfection	5
replacement	5
remember	5
care	5
turned	5
course	5
guess	5
fruit	5
coupon	5
condition	5
down	5
overpowering	5
whole	5
behind	5
blush	5
happier	5
dragon	5
slippery	5
charitable	5
hoped	5
trial	5
create	5
upon	5
various	5
petal	5
muted	5
yummy	5
warrior	5
added	5
today	5
silver	5
gentle	5
gooey	5
says	5
biggest	5
dried	5
stands	5
peel	5
due	5
surprisingly	5
cost	5
girls	5
cover	5
benefit	5
keeping	5
notice	5
olive	5
search	5
actual	5
mine	5
results	5
shows	5
admit	5
open	5
outfits	5
past	5
reasonably	5
area	5
delighted	5
regular	5
loving	5
towards	5
hoping	5
consider	5
issue	5
aren	5
able	5
luxurious	5
size	5
weird	5
combination	5
appears	5
share	5
ease	5
design	5
bag	4
veterans	4
timely	4
naturally	4
brighten	4
gray	4
manner	4
coco	4
positive	4
pictures	4
lightweight	4
depression	4
anxiety	4
absolute	4
mind	4
mom	4
whenever	4
lots	4
degrees	4
discovered	4
worthwhile	4
stopped	4
smart	4
value	4
proud	4
total	4
inside	4
sun	4
eye	4
usa	4
mauve	4
start	4
injury	4
rescue	4
donating	4
books	4
brain	4
seemed	4
instead	4
safe	4
advertisement	4
between	4
yrs	4
organizations	4
confident	4
coloring	4
traditional	4
perfume	4
onto	4
country	4
hour	4
stain	4
speechless	4
heart	4
sorry	4
worry	4
mirror	4
beyond	4
telling	4
okay	4
enjoyed	4
wonderfully	4
five	4
covers	4
clinique	4
feathers	4
promises	4
tiny	4
farm	4
heartfelt	4
waxy	4
starting	4
disappoint	4
cats	4
1st	4
sunset	4
initially	4
glam	4
discontinued	4
promise	4
appreciated	4
goddess	4
changes	4
somewhat	4
web	4
hooked	4
suit	4
understated	4
beauty	4
things	4
honestly	4
chemical	4
crack	4
lower	4
stroke	4
spreading	4
recommending	4
profits	4
variety	4
close	4
internet	4
later	4
affordable	4
occasion	4
penny	4
searched	4
perfectly	4
palette	4
overwhelming	4
razz	4
reef	4
expecting	4
peeling	4
runs	4
balance	4
four	4
incredible	4
smile	4
moisturize	4
dog	4
awaiting	4
pleasant	4
house	4
upper	4
lover	4
donations	4
daughters	4
morning	4
receive	4
site	4
based	4
sort	4
worried	4
range	4
animals	4
mail	4
melt	3
arizona	3
folks	3
stores	3
blends	3
note	3
texas	3
rarely	3
email	3
questions	3
ask	3
grey	3
cracked	3
specific	3
blond	3
recycle	3
packaged	3
holds	3
suggestion	3
pinkish	3
town	3
pricey	3
expectations	3
reds	3
placing	3
ran	3
french	3
24k	3
wished	3
softness	3
sincerely	3
hurt	3
appropriate	3
six	3
acts	3
redness	3
month	3
retired	3
saying	3
smudge	3
odor	3
fairly	3
retouching	3
bleeds	3
picking	3
low	3
combo	3
navy	3
selected	3
fits	3
sometimes	3
minutes	3
bad	3
skinned	3
empowerment	3
delicious	3
shopping	3
mostly	3
primer	3
sensitive	3
slightly	3
smearing	3
shocked	3
pay	3
unfortunately	3
reduce	3
berry	3
layered	3
bless	3
sooo	3
sent	3
attractive	3
facial	3
conscious	3
socially	3
caught	3
mistakes	3
huge	3
done	3
weather	3
means	3
weren	3
fragrance	3
throw	3
concept	3
process	3
spent	3
living	3
travel	3
gals	3
mailbox	3
break	3
ready	3
100	3
dressed	3
flirt	3
buildable	3
anticipated	3
sticks	3
winner	3
stated	3
dress	3
require	3
law	3
terrible	3
represented	3
exact	3
silk	3
called	3
newest	3
july	3
bathroom	3
deliver	3
tan	3
wearability	3
sample	3
suits	3
owner	3
working	3
undertone	3
lol	3
pencil	3
colorado	3
winter	3
habit	3
needs	3
advice	3
emollient	3
washed	3
colours	3
record	3
provide	3
recommendations	3
delicate	3
effect	3
hate	3
check	3
brunette	3
throwing	3
wardrobe	3
slip	3
offer	3
tho	3
sturdy	3
carolina	3
feminine	3
mild	3
bedside	3
lova	3
type	3
become	3
prices	3
confidence	3
single	3
offered	3
screaming	3
boulder	3
dries	3
stars	3
pinky	3
pulled	3
lost	3
imperfections	3
shop	3
indeed	3
glow	3
broke	3
mixed	3
eat	3
freckles	3
weeks	3
gno	3
head	3
relatives	3
becoming	3
lights	3
twice	3
metal	3
issues	3
bedtime	3
supply	3
fading	3
coat	3
glosses	3
complaint	3
luv	3
importantly	3
easier	3
screen	3
department	3
fancy	3
complementary	3
numerous	3
short	3
anymore	3
asked	3
hardly	3
advertising	3
fell	3
brings	3
protects	3
drugstore	3
immediately	3
terribly	3
active	3
title	3
glimmer	3
discount	3
brownish	3
pigment	3
girlfriends	3
auburn	3
picky	3
likes	3
slowly	3
show	3
sanctuary	3
blended	3
moment	2
slimy	2
dressing	2
stock	2
save	2
latter	2
rest	2
supported	2
wishes	2
toxic	2
none	2
bite	2
metallic	2
evening	2
repeat	2
stains	2
hits	2
original	2
sold	2
conditions	2
compares	2
lift	2
promote	2
nicest	2
lovets	2
early	2
sunday	2
individual	2
brunch	2
negative	2
melted	2
strange	2
suffered	2
hotğŸŒ¶	2
hold	2
invisible	2
prior	2
sexy	2
frustrating	2
worked	2
amazingly	2
loyal	2
harsh	2
contribute	2
response	2
foundation	2
season	2
regardless	2
water	2
fortune	2
minimal	2
semail	2
round	2
uses	2
wide	2
hopefully	2
rosy	2
pocket	2
leery	2
reapplying	2
million	2
orders	2
constantly	2
bring	2
ğŸ‘ğŸ¼	2
drinking	2
appeals	2
half	2
heaven	2
2nd	2
comfort	2
outline	2
yesterday	2
smoother	2
messages	2
velvet	2
grateful	2
pesky	2
tip	2
ğŸ‘ğŸ»	2
reading	2
plump	2
body	2
return	2
prevent	2
phenomenal	2
designer	2
everywhere	2
pigmentation	2
feathered	2
replaced	2
correct	2
exceeded	2
sisters	2
planning	2
hue	2
across	2
subdued	2
selecting	2
highlight	2
changing	2
regrets	2
moisturuzed	2
extras	2
happiness	2
formulated	2
perform	2
semi	2
neither	2
casing	2
trick	2
pout	2
wants	2
cmw	2
seasoned	2
game	2
changer	2
hype	2
bomb	2
dab	2
pricing	2
lifetime	2
humane	2
pocketbook	2
classy	2
intrigued	2
petroleum	2
determine	2
outstanding	2
clothes	2
heard	2
allergies	2
vet	2
garish	2
advertise	2
beige	2
occasions	2
bill	2
worldwide	2
starts	2
pill	2
whatsoever	2
receiving	2
speak	2
happen	2
computer	2
number	2
items	2
ans	2
sooner	2
flake	2
switch	2
afraid	2
select	2
muddy	2
feature	2
thx	2
toned	2
donated	2
star	2
style	2
reliable	2
migrate	2
knew	2
darkish	2
earlier	2
holding	2
god	2
completion	2
barely	2
peachy	2
average	2
blown	2
ads	2
spa	2
warren	2
shipment	2
bravo	2
exquisite	2
chosen	2
generally	2
compelled	2
pigmented	2
kitties	2
lavender	2
tie	2
contribution	2
seeing	2
bigger	2
ride	2
opened	2
jessica	2
sustainability	2
walk	2
boy	2
desert	2
creamiest	2
crease	2
fab	2
christmas	2
sheen	2
remains	2
heal	2
wildflowers	2
tinge	2
surf	2
smoothe	2
secret	2
steps	2
appearing	2
swipe	2
delivers	2
depending	2
smoothiy	2
mood	2
recycled	2
rate	2
cheeks	2
inferior	2
passed	2
options	2
icing	2
seldom	2
overpower	2
rescuing	2
alzheimer	2
materials	2
cakey	2
creating	2
deciding	2
waiting	2
granddaughter	2
images	2
wondering	2
stocking	2
stuffers	2
homes	2
troops	2
alzheimers	2
packs	2
tacky	2
clown	2
school	2
treat	2
wearable	2
prompt	2
send	2
chanel	2
claim	2
happily	2
against	2
balms	2
diminish	2
finishing	2
creeping	2
thrown	2
chemicals	2
nailed	2
kept	2
pure	2
complements	2
simplicity	2
normal	2
perfumes	2
outfit	2
commercial	2
level	2
turns	2
supple	2
particularly	2
yours	2
4th	2
60s	2
middle	2
originally	2
responsibility	2
wise	2
decades	2
packing	2
compared	2
shortly	2
adore	2
happened	2
thumbs	2
woof	2
opportunity	2
matches	2
funny	2
paint	2
south	2
hydration	2
literally	2
dryness	2
suited	2
preference	2
climate	2
edges	2
perhaps	2
decision	2
purpose	2
protect	2
lipliner	2
gone	2
grow	2
thus	2
addition	2
ness	2
obviously	2
cloying	2
incentive	2
guide	2
fond	2
hesitate	2
met	2
unless	2
coloration	2
available	2
rule	2
routine	2
sales	2
noticeably	2
smaller	2
general	2
stark	2
men	2
zero	2
genius	2
bottom	2
velvety	2
tinted	2
spring	2
appeared	2
junkie	2
drawers	2
skintone	2
â™¥ï¸â™¥ï¸	2
sweet	2
blot	2
lived	2
rejuvenate	2
versatile	2
saturated	2
goodbye	2
waxiness	2
wake	2
heatâ€”stayed	2
pinker	2
rightâ€”	2
whom	2
seriously	2
sticking	2
harder	2
familiar	2
scar	2
included	2
participate	2
goldish	2
designs	2
guys	2
leaning	2
agree	2
butter	2
biodegradable	2
tanned	2
permanent	2
pencils	2
burn	2
susan	2
business	2
pleasure	2
below	2
mistake	2
returning	2
hand	2
poured	2
upcoming	2
previous	2
sparkle	2
peppermint	2
hrs	2
defied	2
lite	2
immediate	2
tends	2
toward	2
changed	2
spectrum	2
reasons	2
reordered	2
liners	2
temperatures	2
ahead	2
particular	2
addicted	2
date	2
heals	2
marvelous	2
enhances	2
takes	2
wild	2
companies	2
smeary	1
flavorless	1
relaxing	1
devoted	1
doubt	1
batter	1
moisterizing	1
spend	1
grief	1
lessens	1
blow	1
paying	1
seeking	1
colorğŸ¦‹	1
exception	1
lilac	1
sallee	1
beat	1
prayers	1
relief	1
answered	1
faded	1
watch	1
yes	1
production	1
cold	1
tons	1
58th	1
birthday	1
praises	1
uspo	1
sing	1
address	1
dil	1
introduced	1
accentuating	1
coupled	1
noticeable	1
pitching	1
dyes	1
counter	1
infact	1
duration	1
allergy	1
irritation	1
dye	1
maintenance	1
accustom	1
tolerate	1
sufficient	1
patricia	1
lends	1
gummy	1
liquidy	1
offering	1
wrinkled	1
flavored	1
reordering	1
lightest	1
durable	1
moving	1
mini	1
fastest	1
lancÃ´me	1
lauder	1
tumor	1
removed	1
deptession	1
thirty	1
bald	1
estee	1
mascara	1
disgusting	1
features	1
classic	1
gardens	1
ruby	1
woo	1
revlon	1
cherries	1
snow	1
fry	1
purrfection	1
draw	1
unheard	1
standards	1
tattoo	1
nut	1
intend	1
ugly	1
ğŸ˜ŠğŸ˜Š	1
ways	1
downside	1
tthis	1
undoubtedly	1
mainly	1
arre	1
recent	1
liike	1
matt	1
eos	1
reconsidered	1
painting	1
harbor	1
skepticism	1
writing	1
atlanta	1
namebrand	1
learning	1
taking	1
quit	1
omg	1
cutest	1
accident	1
cuz	1
blondish	1
vets	1
combined	1
fully	1
lipcolor	1
veteran	1
odorless	1
ending	1
foremost	1
worldğŸ˜Š	1
gotta	1
compare	1
dynamic	1
large	1
cracking	1
saves	1
gilded	1
church	1
trii	1
naturals	1
patterns	1
squinting	1
wrap	1
fav	1
overbearing	1
minor	1
returned	1
nervous	1
air	1
biting	1
urge	1
ver	1
trip	1
naturalm	1
def	1
arrive	1
retention	1
topped	1
glaze	1
riding	1
typically	1
referred	1
lipsticksğŸ¤—	1
globs	1
effective	1
agency	1
wonder	1
track	1
dressier	1
garden	1
continual	1
resist	1
translucent	1
leak	1
ocean	1
expert	1
steal	1
olds	1
stink	1
lovers	1
guarantee	1
talked	1
swatches	1
video	1
details	1
creamier	1
intimidated	1
ğŸ’“helping	1
tells	1
formulations	1
bestie	1
delight	1
stayability	1
mean	1
unexpected	1
salmon	1
shimmery	1
maturing	1
consciousness	1
yore	1
remain	1
complaining	1
freash	1
fellin	1
shaped	1
transparent	1
mimic	1
harmonious	1
background	1
delightful	1
orered	1
protector	1
tourqoise	1
wrapping	1
slides	1
doggies	1
violet	1
scottie	1
melting	1
didnt	1
lush	1
aware	1
followed	1
applicator	1
slips	1
gal	1
tired	1
minnesota	1
outings	1
judes	1
wicking	1
elements	1
damaged	1
swipes	1
Â«Â runÂ Â»	1
hydrates	1
smoothiest	1
â¤ï¸â¤ï¸â¤ï¸â¤ï¸â¤ï¸	1
tropics	1
activities	1
businesses	1
minimalist	1
feat	1
proof	1
blotting	1
ecological	1
soothes	1
cheerful	1
buyer	1
weathered	1
humidity	1
tennessee	1
effortlessly	1
considering	1
advantage	1
cushion	1
seasons	1
hidden	1
gem	1
contrast	1
simmer	1
organic	1
shipped	1
otc	1
esp	1
associated	1
pleasedğŸ˜Š	1
friends1	1
wearablity	1
camper	1
brick	1
remove	1
imagined	1
unsure	1
fit	1
phillips	1
besides	1
dear	1
janet	1
defiantly	1
tool	1
yhan	1
rocks	1
diggity	1
fairytale	1
fulfill	1
administrator	1
lead	1
comments	1
teacher	1
fibro	1
tyroid	1
layering	1
bloomed	1
minute	1
gifting	1
polished	1
marketing	1
invention	1
talking	1
periods	1
pictured	1
sixty	1
settle	1
unpleasant	1
avail	1
liptick	1
page	1
packed	1
xoxo	1
afford	1
glitter	1
stumbled	1
manufactured	1
hues	1
waited	1
reviewing	1
richer	1
complaints	1
computers	1
exhibit	1
differently	1
compact	1
disappear	1
shooting	1
consistancy	1
glance	1
dallas	1
winning	1
purplish	1
includes	1
causesâ€”a	1
frequent	1
duplication	1
curated	1
avoid	1
shocking	1
maintained	1
profile	1
lubricating	1
teen	1
grands	1
rise	1
glitches	1
management	1
regarding	1
concern	1
query	1
supervisor	1
hands	1
outer	1
contributed	1
kids	1
brief	1
scrub	1
nothings	1
communicate	1
purrrfect	1
amber	1
ageing	1
vegetable	1
representative	1
spots	1
commentâ€”it	1
vanity	1
iit	1
waterproof	1
rolled	1
assure	1
uniqueness	1
redder	1
calling	1
burgundy	1
heavyweight	1
caps	1
decorative	1
plum	1
scream	1
lesser	1
artificial	1
autumn	1
fixed	1
element	1
highlighted	1
beautifying	1
parts	1
puppies	1
affected	1
personally	1
research	1
therapeutic	1
approaches	1
glamorous	1
held	1
safari	1
blending	1
graceful	1
degradation	1
ring	1
awkward	1
zing	1
pep	1
softens	1
flower	1
kissable	1
endorse	1
withdraw	1
hints	1
critique	1
achieve	1
oily	1
states	1
nurturing	1
fussy	1
trail	1
scented	1
tossing	1
refresh	1
theme	1
continuing	1
admire	1
hello	1
artist	1
frequently	1
exellent	1
pink\and	1
worse	1
prestigious	1
congrats	1
mire	1
crowd	1
elizabeth	1
flowered	1
glaring	1
ling	1
exceedingly	1
smoker	1
tryed	1
funky	1
workday	1
intentional	1
community	1
revolutionary	1
reddish	1
connected	1
meantime	1
brightness	1
clothing	1
compextion	1
soften	1
overjoyed	1
opening	1
seniors	1
macular	1
degeneration	1
printed	1
occasional	1
iregardless	1
liostick	1
themselves	1
sorting	1
pouch	1
identifying	1
ğŸ’„is	1
communities	1
facebook	1
doubtful	1
whiter	1
impossible	1
remarkable	1
youthful	1
dealing	1
urgent	1
bubblegum	1
allpied	1
ecologically	1
minded	1
puts	1
asking	1
weight	1
cheery	1
passionate	1
wee	1
darkest	1
ment	1
doris	1
helms	1
marietta	1
georgia	1
30127	1
temperature	1
allot	1
entirely	1
minimizes	1
borderline	1
usage	1
dav	1
balls	1
smears	1
ball	1
triple	1
elated	1
refrigerated	1
officially	1
filled	1
rivals	1
bands	1
escapee	1
heartily	1
beneficial	1
valid	1
sick	1
understand	1
photos	1
phone	1
factors	1
news	1
wash	1
essentially	1
transport	1
truthful	1
event	1
sixties	1
sustain	1
vertical	1
blender	1
zen	1
eastern	1
suburb	1
cleveland	1
iive	1
elegant	1
cracks	1
112	1
powerful	1
furbaby	1
cuts	1
planet	1
humanitary	1
105	1
phoenix	1
5th	1
curb	1
subtlety	1
major	1
sumptuous	1
allows	1
retiree	1
broken	1
contacted	1
payoff	1
involved	1
occasionally	1
kicking	1
improved	1
softening	1
lightning	1
mailing	1
cart	1
rewarding	1
gosh	1
vastly	1
grab	1
thoughts	1
wrapper	1
distinctive	1
cant	1
profit	1
botox	1
item	1
echo	1
instore	1
test	1
dont	1
black	1
statement	1
faint	1
lipstickâ¤ï¸â¤ï¸â¤ï¸color	1
vintage	1
jump	1
mauves	1
reduction	1
american	1
rings	1
bells	1
acquaintances	1
petro	1
responses	1
appeal	1
written	1
difficulty	1
thise	1
immersions	1
sand	1
oranges	1
begin	1
ends	1
ultimate	1
useful	1
wonders	1
discounts	1
assist	1
nightly	1
hel	1
priceâ€”i	1
talk	1
intensity	1
translated	1
heaviness	1
edgy	1
purchashed	1
moreâ€”	1
lose	1
allâ€”will	1
smoothâ€”	1
carmex	1
sheets	1
repeatedly	1
organization	1
tubesâ€”	1
trash	1
cooler	1
genuinely	1
among	1
drawer	1
protection	1
unknown	1
report	1
fee	1
scents	1
unable	1
group	1
hundreds	1
dollars	1
pull	1
yellow	1
benefiting	1
drill	1
plunge	1
dipped	1
tugging	1
stretch	1
rainforest	1
magical	1
formulation	1
conserving	1
lipbalm	1
budge	1
effortless	1
aforementioned	1
struggle	1
comparative	1
reference	1
green	1
hearfelt	1
complex	1
tended	1
begs	1
lotion	1
leans	1
extreme	1
status	1
blurry	1
ate	1
sausage	1
peppers	1
onions	1
baked	1
beans	1
dinner	1
sides	1
elly	1
3pk	1
wigs	1
define	1
fake	1
ethical	1
zone	1
stunningly	1
oft	1
mixture	1
examples	1
dull	1
sealer	1
fund	1
believer	1
effects	1
downer	1
seep	1
self	1
prettier	1
naked	1
stories	1
sworn	1
judge	1
casa	1
worker	1
request	1
drug	1
addiction	1
herself	1
heroin	1
addictionğŸ˜¢ğŸ˜¢ğŸ˜¢3	1
losing	1
fight	1
opioid	1
abuseğŸ˜¢ğŸ˜¢ğŸ˜¢ğŸ˜¢these	1
centers	1
ppl	1
disease	1
epidemic	1
thisğŸ™ğŸ»ğŸ™ğŸ»ğŸ™ğŸ»ğŸ™ğŸ»ğŸ™ğŸ»ğŸ™ŒğŸ»	1
ğŸ’œthis	1
challenge	1
qualifies	1
vision	1
varied	1
girlfriend	1
values	1
core	1
proven	1
nope	1
satisfying	1
august	1
ğŸ¤—ğŸ’–ğŸ‘	1
pkg	1
anytime	1
state	1
liipsticks	1
tease	1
suddenly	1
definately	1
punch	1
ripe	1
strawberries	1
luck	1
discontinue	1
bendle	1
wine	1
complected	1
sighed	1
tad	1
quintessential	1
experiment	1
alternative	1
facing	1
leaking	1
darkens	1
volume	1
exceeds	1
concerns	1
environmental	1
skip	1
stronger	1
shadow	1
view	1
slide	1
growing	1
showing	1
virtually	1
abd	1
waste	1
thin	1
yea	1
testing	1
ğŸ‘„ğŸ‘„	1
considered	1
fulfills	1
bland	1
altruistic	1
programs	1
colorâ€”and	1
tubing	1
bringing	1
cancer	1
breast	1
cheaper	1
card	1
board	1
soo	1
diagonosed	1
tricky	1
embraced	1
firm	1
topper	1
flashy	1
center	1
sadly	1
attached	1
flopping	1
push	1
ğŸ˜©ğŸ˜©ğŸ˜©	1
loud	1
tee	1
limited	1
budget	1
treated	1
tested	1
aftertaste	1
provided	1
certificates	1
disappears	1
plumper	1
consistence	1
guessed	1
bruises	1
redefining	1
creatures	1
inovative	1
scattered	1
envelope	1
ethically	1
buyers	1
â¤ï¸â¤ï¸â¤ï¸	1
pile	1
dominating	1
death	1
anyway	1
disappointment	1
commented	1
bled	1
supposed	1
yay	1
willing	1
problematic	1
simple	1
memory	1
log	1
unmatched	1
productâ¤	1
wrinkle	1
advertized	1
google	1
concert	1
dedicate	1
legacy	1
tragically	1
chart	1
died	1
chocolate	1
mousse	1
plain	1
protected	1
holders	1
adults	1
assuming	1
unnecessary	1
difficulties	1
whose	1
complimentary	1
graduated	1
moistures	1
complimenting	1
weighs	1
flawlessly	1
children	1
thousands	1
effort	1
global	1
ministry	1
victims	1
relative	1
ours	1
christian	1
traumatic	1
grainy	1
transfer	1
coffee	1
cup	1
created	1
names	1
formulas	1
minus	1
casual	1
replace	1
casesğŸ’„	1
customers	1
kitty	1
fallen	1
8th	1
toxin	1
xurious	1
magic	1
north	1
wanting	1
alert	1
prone	1
patchiness	1
lunch	1
till	1
settling	1
represents	1
recommendation	1
improve	1
capability	1
staple	1
spell	1
per	1
instructions	1
intensifies	1
purcahse	1
touching	1
consistently	1
bitter	1
opinion	1
pluses	1
complement	1
touched	1
awareness	1
nanny	1
gained	1
highlights	1
prefect	1
longtime	1
recognized	1
deserves	1
manage	1
ellle	1
birmingham	1
alabama	1
pcteefe	1
mess	1
worries	1
emailed	1
explained	1
superior	1
wing	1
efforts	1
kudos	1
platinum	1
freshly	1
dispenser	1
pulling	1
health	1
reminded	1
joy	1
complete	1
lung	1
suffer	1
ages	1
suppose	1
lipsğŸ˜‰	1
gets	1
dirty	1
niece	1
smc	1
suggestions	1
philosophy	1
awsome	1
utilize	1
arm	1
lone	1
recipe	1
cremier	1
doggy	1
listen	1
students	1
lucky	1
marker	1
scheme	1
student	1
â€”all	1
Â¡gracias	1
captured	1
longlasting	1
jmg	1
tissue	1
voila	1
began	1
texter	1
transit	1
excessive	1
buttery	1
thanku	1
julie	1
seattle	1
wounded	1
survey	1
ended	1
becomes	1
kit	1
enhance	1
intended	1
colleagues	1
spotty	1
wasteful	1
harmful	1
sorts	1
grocery	1
shops	1
success	1
meal	1
drinks	1
limps	1
collections	1
overnight	1
reluctant	1
media	1
main	1
crisp	1
moistuier	1
3pack	1
interested	1
lippy	1
needy	1
attempted	1
pair	1
balled	1
woc	1
salon	1
surely	1
chewing	1
sampler	1
multiple	1
conditioning	1
traveling	1
caking	1
introduce	1
affects	1
toll	1
tasting	1
pops	1
market	1
exaggerating	1
drab	1
bundles	1
fail	1
iridescent	1
laying	1
click	1
ability	1
dislike	1
brightening	1
keeper	1
groupings	1
resources	1
walking	1
kinds	1
ive	1
staining	1
elegance	1
tubs	1
lipline	1
moisterized	1
impact	1
browns	1
bundled	1
descriptions	1
yoga	1
pants	1
jumped	1
length	1
eventually	1
replenish	1
renamed	1
shallow	1
demure	1
transforms	1
flaky	1
softest	1
smoothest	1
gallon	1
performance	1
venture	1
opted	1
cooling	1
gumminess	1
obvious	1
attracted	1
dissent	1
underneath	1
marvelously	1
anxious	1
caramel	1
unbelievable	1
drink	1
drop	1
dead	1
globe	1
addict	1
late	1
florida	1
rub	1
error	1
naturalness	1
drawn	1
friendsâ™¥ï¸	1
dorothy	1
straub	1
summertime	1
liberally	1
3rd	1
reached	1
pronounced	1
spread	1
possibly	1
gym	1
workout	1
protecting	1
ideal	1
barefaced	1
2014	1
hearing	1
yep	1
suction	1
sound	1
hurridly	1
discreet	1
public	1
restaurant	1
theater	1
noise	1
otherwise	1
premium	1
circle	1
perfumey	1
figured	1
nasty	1
stop	1
unlike	1
tempting	1
horizon	1
broadened	1
allergic	1
blisters	1
creative	1
customized	1
teens	1
colortheworld	1
knocks	1
ballpark	1
matched	1
witch	1
providing	1
outreach	1
hundred	1
technology	1
notifications	1
tracking	1
stops	1
golden	1
properties	1
moistening	1
greatest	1
nears	1
reviewers	1
deedee	1
explain	1
lifestyle	1
newfound	1
mont	1
kicks	1
tingle	1
happens	1
exceptionally	1
admittedly	1
sporadic	1
remained	1
prolonged	1
known	1
committed	1
gradually	1
expanded	1
hills	1
baby	1
ğŸ‘¶ğŸ½	1
allow	1
dominate	1
realize	1
solved	1
meant	1
2more	1
fossen	1
eight	1
van	1
listed	1
madonna	1
models	1
fence	1
thr	1
overlook	1
packets	1
goof	1
empower	1
messy	1
impressive	1
communication	1
rough	1
liking	1
supper	1
innocent	1
dual	1
neat	1
textures	1
decent	1
traces	1
stunning	1
sketchy	1
sight	1
unseen	1
mid	1
moreover	1
somethin	1
overwhelm	1
mark	1
ort	1
slick	1
recover	1
result	1
duty	1
tours	1
afghanistan	1
iraq	1
injured	1
everâ€”	1
nature	1
lacquer	1
slso	1
burt	1
bees	1
solid	1
freshness	1
packageing	1
youğŸ˜€	1
wedding	1
inspiration	1
endeavor	1
greater	1
blistex	1
tendency	1
sealed	1
gentler	1
sons	1
odd	1
leaving	1
prune	1
uncomfortable	1
ugh	1
thats	1
mattes	1
count	1
burned	1
soooo	1
endless	1
amounts	1
celebrities	1
wondeful	1
sale	1
sponsors	1
caution	1
chalky	1
cartoonish	1
stained	1
reminds	1
twenty	1
afternoon	1
irritate	1
chaping	1
suggest	1
mary	1
elips	1
required	1
bye	1
east	1
assorted	1
admirable	1
nicelyğŸ˜€	1
flaw	1
replay	1
rapid	1
placed	1
avon	1
closest	1
female	1
laden	1
impulse	1
itchy	1
wax	1
treasure	1
whether	1
filler	1
dotted	1
eyebrows	1
highest	1
cheekbones	1
designed	1
twelve	1
paula	1
annoying	1
contents	1
pun	1
robin	1
farquer	1
milford	1
ohio	1
ips	1
disenchanted	1
accomplished	1
separating	1
treatments	1
crazy	1
lack	1
aroma	1
aspect	1
paid	1
everlastingly	1
promoting	1
lahaska	1
usual	1
nudes	1
friday	1
26th	1
definition	1
outbto	1
anywhere	1
lov	1
flavorful	1
meaningful	1
plenty	1
orangish	1
compensate	1
rid	1
straight	1
inexpensive	1
shad	1
saturdays	1
gonna	1
risk	1
trusting	1
recognize	1
psychedelic	1
version	1
produced	1
beleieve	1
sanctuaries	1
summary	1
york	1
youtube	1
humans	1
food	1
source	1
pray	1
deserve	1
circus	1
unhappy	1
meetings	1
meals	1
dash	1
wander	1
ten	1
enormous	1
btw	1
possessed	1
entered	1
70s	1
gracefully	1
differences	1
clumping	1
doesnt	1